<?xml version="1.0" encoding="UTF-8"?>
<!-- IMPORTANT: This is an internal file that has been generated
     by the Xilinx ISE software.  Any direct editing or
     changes made to this file may result in unpredictable
     behavior or data corruption.  It is strongly advised that
     users do not edit the contents of this file. -->
<DeviceUsageSummary rev="4">
<DesignStatistics TimeStamp="Sat Jan 09 12:29:57 2021"><group name="NetStatistics">
<item name="NumNets_Active" rev="4">
<attrib name="value" value="50"/></item>
<item name="NumNets_Vcc" rev="4">
<attrib name="value" value="1"/></item>
<item name="NumNodesOfType_Active_BOUNCEIN" rev="4">
<attrib name="value" value="5"/></item>
<item name="NumNodesOfType_Active_BUFGOUT" rev="4">
<attrib name="value" value="1"/></item>
<item name="NumNodesOfType_Active_BUFHINP2OUT" rev="4">
<attrib name="value" value="3"/></item>
<item name="NumNodesOfType_Active_CLKPIN" rev="4">
<attrib name="value" value="5"/></item>
<item name="NumNodesOfType_Active_CLKPINFEED" rev="4">
<attrib name="value" value="3"/></item>
<item name="NumNodesOfType_Active_DOUBLE" rev="4">
<attrib name="value" value="32"/></item>
<item name="NumNodesOfType_Active_GENERIC" rev="4">
<attrib name="value" value="28"/></item>
<item name="NumNodesOfType_Active_GLOBAL" rev="4">
<attrib name="value" value="14"/></item>
<item name="NumNodesOfType_Active_INPUT" rev="4">
<attrib name="value" value="1"/></item>
<item name="NumNodesOfType_Active_IOBIN2OUT" rev="4">
<attrib name="value" value="18"/></item>
<item name="NumNodesOfType_Active_IOBOUTPUT" rev="4">
<attrib name="value" value="18"/></item>
<item name="NumNodesOfType_Active_LUTINPUT" rev="4">
<attrib name="value" value="91"/></item>
<item name="NumNodesOfType_Active_OUTBOUND" rev="4">
<attrib name="value" value="38"/></item>
<item name="NumNodesOfType_Active_OUTPUT" rev="4">
<attrib name="value" value="23"/></item>
<item name="NumNodesOfType_Active_PADINPUT" rev="4">
<attrib name="value" value="9"/></item>
<item name="NumNodesOfType_Active_PADOUTPUT" rev="4">
<attrib name="value" value="10"/></item>
<item name="NumNodesOfType_Active_PINBOUNCE" rev="4">
<attrib name="value" value="11"/></item>
<item name="NumNodesOfType_Active_PINFEED" rev="4">
<attrib name="value" value="106"/></item>
<item name="NumNodesOfType_Active_QUAD" rev="4">
<attrib name="value" value="76"/></item>
<item name="NumNodesOfType_Active_REGINPUT" rev="4">
<attrib name="value" value="3"/></item>
<item name="NumNodesOfType_Active_SINGLE" rev="4">
<attrib name="value" value="46"/></item>
<item name="NumNodesOfType_Vcc_HVCCOUT" rev="4">
<attrib name="value" value="1"/></item>
<item name="NumNodesOfType_Vcc_LUTINPUT" rev="4">
<attrib name="value" value="1"/></item>
<item name="NumNodesOfType_Vcc_PINFEED" rev="4">
<attrib name="value" value="1"/></item>
</group>
<group name="SiteStatistics">
<item name="BUFG-BUFGMUX" rev="4">
<attrib name="value" value="1"/></item>
<item name="IOB-IOBM" rev="4">
<attrib name="value" value="10"/></item>
<item name="IOB-IOBS" rev="4">
<attrib name="value" value="9"/></item>
<item name="SLICEL-SLICEM" rev="4">
<attrib name="value" value="3"/></item>
<item name="SLICEX-SLICEM" rev="4">
<attrib name="value" value="2"/></item>
</group>
<group name="MiscellaneousStatistics">
<item name="AGG_BONDED_IO" rev="3">
<attrib name="value" value="19"/></item>
<item name="AGG_IO" rev="3">
<attrib name="value" value="19"/></item>
<item name="AGG_LOCED_IO" rev="3">
<attrib name="value" value="19"/></item>
<item name="AGG_SLICE" rev="3">
<attrib name="value" value="6"/></item>
<item name="NUM_BONDED_IOB" rev="3">
<attrib name="value" value="19"/></item>
<item name="NUM_BSFULL" rev="3">
<attrib name="value" value="15"/></item>
<item name="NUM_BSLUTONLY" rev="3">
<attrib name="value" value="6"/></item>
<item name="NUM_BSUSED" rev="3">
<attrib name="value" value="21"/></item>
<item name="NUM_BUFG" rev="3">
<attrib name="value" value="1"/></item>
<item name="NUM_LOCED_IOB" rev="3">
<attrib name="value" value="19"/></item>
<item name="NUM_LOGIC_O5ANDO6" rev="3">
<attrib name="value" value="1"/></item>
<item name="NUM_LOGIC_O6ONLY" rev="3">
<attrib name="value" value="20"/></item>
<item name="NUM_SLICEL" rev="3">
<attrib name="value" value="3"/></item>
<item name="NUM_SLICEX" rev="3">
<attrib name="value" value="3"/></item>
<item name="NUM_SLICE_CONTROLSET" rev="3">
<attrib name="value" value="1"/></item>
<item name="NUM_SLICE_CYINIT" rev="3">
<attrib name="value" value="22"/></item>
<item name="NUM_SLICE_F7MUX" rev="3">
<attrib name="value" value="3"/></item>
<item name="NUM_SLICE_FF" rev="3">
<attrib name="value" value="15"/></item>
<item name="NUM_SLICE_UNUSEDCTRL" rev="3">
<attrib name="value" value="1"/></item>
<item name="NUM_UNUSABLE_FF_BELS" rev="3">
<attrib name="value" value="1"/></item>
</group>
</DesignStatistics>
<DeviceUsage TimeStamp="Sat Jan 09 12:29:57 2021"><group name="SiteSummary">
<item name="BUFG" rev="4">
<attrib name="total" value="1000000"/><attrib name="used" value="1"/></item>
<item name="BUFG_BUFG" rev="4">
<attrib name="total" value="1000000"/><attrib name="used" value="1"/></item>
<item name="FF_SR" rev="4">
<attrib name="total" value="1000000"/><attrib name="used" value="1"/></item>
<item name="IOB" rev="4">
<attrib name="total" value="1000000"/><attrib name="used" value="19"/></item>
<item name="IOB_IMUX" rev="4">
<attrib name="total" value="1000000"/><attrib name="used" value="10"/></item>
<item name="IOB_INBUF" rev="4">
<attrib name="total" value="1000000"/><attrib name="used" value="10"/></item>
<item name="IOB_OUTBUF" rev="4">
<attrib name="total" value="1000000"/><attrib name="used" value="9"/></item>
<item name="LUT5" rev="4">
<attrib name="total" value="1000000"/><attrib name="used" value="1"/></item>
<item name="LUT6" rev="4">
<attrib name="total" value="1000000"/><attrib name="used" value="21"/></item>
<item name="PAD" rev="4">
<attrib name="total" value="1000000"/><attrib name="used" value="19"/></item>
<item name="REG_SR" rev="4">
<attrib name="total" value="1000000"/><attrib name="used" value="14"/></item>
<item name="SELMUX2_1" rev="4">
<attrib name="total" value="1000000"/><attrib name="used" value="3"/></item>
<item name="SLICEL" rev="4">
<attrib name="total" value="1000000"/><attrib name="used" value="3"/></item>
<item name="SLICEX" rev="4">
<attrib name="total" value="1000000"/><attrib name="used" value="3"/></item>
</group>
</DeviceUsage>
<ReportConfigData TimeStamp="Sat Jan 09 12:29:57 2021"><group name="REG_SR">
<item name="CK" rev="4">
<attrib name="CK" value="14"/><attrib name="CK_INV" value="0"/></item>
<item name="LATCH_OR_FF" rev="4">
<attrib name="FF" value="14"/></item>
<item name="SRINIT" rev="4">
<attrib name="SRINIT0" value="14"/></item>
<item name="SYNC_ATTR" rev="4">
<attrib name="ASYNC" value="14"/></item>
</group>
<group name="SLICEL">
<item name="CLK" rev="4">
<attrib name="CLK" value="2"/><attrib name="CLK_INV" value="0"/></item>
</group>
<group name="IOB_OUTBUF">
<item name="DRIVEATTRBOX" rev="4">
<attrib name="12" value="9"/></item>
<item name="SLEW" rev="4">
<attrib name="SLOW" value="9"/></item>
<item name="SUSPEND" rev="4">
<attrib name="3STATE" value="9"/></item>
</group>
<group name="SLICEX">
<item name="CLK" rev="4">
<attrib name="CLK" value="3"/><attrib name="CLK_INV" value="0"/></item>
</group>
<group name="FF_SR">
<item name="CK" rev="4">
<attrib name="CK" value="1"/><attrib name="CK_INV" value="0"/></item>
<item name="SRINIT" rev="4">
<attrib name="SRINIT0" value="1"/></item>
<item name="SYNC_ATTR" rev="4">
<attrib name="ASYNC" value="1"/></item>
</group>
</ReportConfigData>
<ReportPinData TimeStamp="Sat Jan 09 12:29:57 2021"><group name="REG_SR">
<item name="CK" rev="4">
<attrib name="value" value="14"/></item>
<item name="D" rev="4">
<attrib name="value" value="14"/></item>
<item name="Q" rev="4">
<attrib name="value" value="14"/></item>
</group>
<group name="SLICEL">
<item name="A1" rev="4">
<attrib name="value" value="2"/></item>
<item name="A2" rev="4">
<attrib name="value" value="2"/></item>
<item name="A3" rev="4">
<attrib name="value" value="2"/></item>
<item name="A4" rev="4">
<attrib name="value" value="2"/></item>
<item name="A5" rev="4">
<attrib name="value" value="2"/></item>
<item name="A6" rev="4">
<attrib name="value" value="2"/></item>
<item name="AQ" rev="4">
<attrib name="value" value="2"/></item>
<item name="B" rev="4">
<attrib name="value" value="1"/></item>
<item name="B1" rev="4">
<attrib name="value" value="1"/></item>
<item name="B2" rev="4">
<attrib name="value" value="1"/></item>
<item name="B3" rev="4">
<attrib name="value" value="1"/></item>
<item name="B4" rev="4">
<attrib name="value" value="1"/></item>
<item name="B5" rev="4">
<attrib name="value" value="1"/></item>
<item name="B6" rev="4">
<attrib name="value" value="1"/></item>
<item name="BMUX" rev="4">
<attrib name="value" value="1"/></item>
<item name="C1" rev="4">
<attrib name="value" value="2"/></item>
<item name="C2" rev="4">
<attrib name="value" value="3"/></item>
<item name="C3" rev="4">
<attrib name="value" value="3"/></item>
<item name="C4" rev="4">
<attrib name="value" value="3"/></item>
<item name="C5" rev="4">
<attrib name="value" value="3"/></item>
<item name="C6" rev="4">
<attrib name="value" value="3"/></item>
<item name="CLK" rev="4">
<attrib name="value" value="2"/></item>
<item name="CMUX" rev="4">
<attrib name="value" value="2"/></item>
<item name="CQ" rev="4">
<attrib name="value" value="2"/></item>
<item name="CX" rev="4">
<attrib name="value" value="3"/></item>
<item name="D1" rev="4">
<attrib name="value" value="3"/></item>
<item name="D2" rev="4">
<attrib name="value" value="3"/></item>
<item name="D3" rev="4">
<attrib name="value" value="3"/></item>
<item name="D4" rev="4">
<attrib name="value" value="3"/></item>
<item name="D5" rev="4">
<attrib name="value" value="3"/></item>
<item name="D6" rev="4">
<attrib name="value" value="3"/></item>
</group>
<group name="IOB_OUTBUF">
<item name="IN" rev="4">
<attrib name="value" value="9"/></item>
<item name="OUT" rev="4">
<attrib name="value" value="9"/></item>
</group>
<group name="SLICEX">
<item name="A" rev="4">
<attrib name="value" value="1"/></item>
<item name="A1" rev="4">
<attrib name="value" value="1"/></item>
<item name="A2" rev="4">
<attrib name="value" value="1"/></item>
<item name="A3" rev="4">
<attrib name="value" value="1"/></item>
<item name="A4" rev="4">
<attrib name="value" value="3"/></item>
<item name="A5" rev="4">
<attrib name="value" value="3"/></item>
<item name="A6" rev="4">
<attrib name="value" value="3"/></item>
<item name="AQ" rev="4">
<attrib name="value" value="2"/></item>
<item name="B4" rev="4">
<attrib name="value" value="3"/></item>
<item name="B5" rev="4">
<attrib name="value" value="3"/></item>
<item name="B6" rev="4">
<attrib name="value" value="3"/></item>
<item name="BQ" rev="4">
<attrib name="value" value="3"/></item>
<item name="C3" rev="4">
<attrib name="value" value="1"/></item>
<item name="C4" rev="4">
<attrib name="value" value="3"/></item>
<item name="C5" rev="4">
<attrib name="value" value="3"/></item>
<item name="C6" rev="4">
<attrib name="value" value="3"/></item>
<item name="CLK" rev="4">
<attrib name="value" value="3"/></item>
<item name="CQ" rev="4">
<attrib name="value" value="3"/></item>
<item name="D" rev="4">
<attrib name="value" value="1"/></item>
<item name="D4" rev="4">
<attrib name="value" value="2"/></item>
<item name="D5" rev="4">
<attrib name="value" value="3"/></item>
<item name="D6" rev="4">
<attrib name="value" value="3"/></item>
<item name="DQ" rev="4">
<attrib name="value" value="2"/></item>
</group>
<group name="BUFG_BUFG">
<item name="I0" rev="4">
<attrib name="value" value="1"/></item>
<item name="O" rev="4">
<attrib name="value" value="1"/></item>
</group>
<group name="PAD">
<item name="PAD" rev="4">
<attrib name="value" value="19"/></item>
</group>
<group name="IOB_INBUF">
<item name="OUT" rev="4">
<attrib name="value" value="10"/></item>
<item name="PAD" rev="4">
<attrib name="value" value="10"/></item>
</group>
<group name="LUT5">
<item name="A1" rev="4">
<attrib name="value" value="1"/></item>
<item name="A2" rev="4">
<attrib name="value" value="1"/></item>
<item name="A3" rev="4">
<attrib name="value" value="1"/></item>
<item name="A4" rev="4">
<attrib name="value" value="1"/></item>
<item name="A5" rev="4">
<attrib name="value" value="1"/></item>
<item name="O5" rev="4">
<attrib name="value" value="1"/></item>
</group>
<group name="LUT6">
<item name="A1" rev="4">
<attrib name="value" value="8"/></item>
<item name="A2" rev="4">
<attrib name="value" value="9"/></item>
<item name="A3" rev="4">
<attrib name="value" value="10"/></item>
<item name="A4" rev="4">
<attrib name="value" value="20"/></item>
<item name="A5" rev="4">
<attrib name="value" value="21"/></item>
<item name="A6" rev="4">
<attrib name="value" value="21"/></item>
<item name="O6" rev="4">
<attrib name="value" value="21"/></item>
</group>
<group name="SELMUX2_1">
<item name="0" rev="4">
<attrib name="value" value="3"/></item>
<item name="1" rev="4">
<attrib name="value" value="3"/></item>
<item name="OUT" rev="4">
<attrib name="value" value="3"/></item>
<item name="S0" rev="4">
<attrib name="value" value="3"/></item>
</group>
<group name="IOB_IMUX">
<item name="I" rev="4">
<attrib name="value" value="10"/></item>
<item name="OUT" rev="4">
<attrib name="value" value="10"/></item>
</group>
<group name="IOB">
<item name="I" rev="4">
<attrib name="value" value="10"/></item>
<item name="O" rev="4">
<attrib name="value" value="9"/></item>
<item name="PAD" rev="4">
<attrib name="value" value="19"/></item>
</group>
<group name="FF_SR">
<item name="CK" rev="4">
<attrib name="value" value="1"/></item>
<item name="D" rev="4">
<attrib name="value" value="1"/></item>
<item name="Q" rev="4">
<attrib name="value" value="1"/></item>
</group>
<group name="BUFG">
<item name="I0" rev="4">
<attrib name="value" value="1"/></item>
<item name="O" rev="4">
<attrib name="value" value="1"/></item>
</group>
</ReportPinData>
<CmdHistory>
</CmdHistory>
</DeviceUsageSummary>
