<?xml version="1.0"?>
<Interface Version="1" Minor="1">
	<Ifc Id="ROOT" Top="1">
		<Bus Id="p_adc">
			<Port Id="7" Dir="IN"/>
			<Port Id="6" Dir="IN"/>
			<Port Id="5" Dir="IN"/>
			<Port Id="4" Dir="IN"/>
			<Port Id="3" Dir="IN"/>
			<Port Id="2" Dir="IN"/>
			<Port Id="1" Dir="IN"/>
			<Port Id="0" Dir="IN"/>
		</Bus>
		<Bus Id="p_led">
			<Port Id="7" Dir="OUT"/>
			<Port Id="6" Dir="OUT"/>
			<Port Id="5" Dir="OUT"/>
			<Port Id="4" Dir="OUT"/>
			<Port Id="3" Dir="OUT"/>
			<Port Id="2" Dir="OUT"/>
			<Port Id="1" Dir="OUT"/>
			<Port Id="0" Dir="OUT"/>
		</Bus>
		<Port Id="p_clk" Dir="IN"/>
		<Port Id="adc_int" Dir="IN"/>
		<Port Id="adc_wr" Dir="OUT"/>
	</Ifc>
</Interface>

